Region,Total_Sales
West,713471.3445000004
East,672194.0539999981
Central,497800.8728000007
South,388983.58500000037
